referencia,num_lotes_listado,organismo,expediente,estado,fecha_conclusion_listado,descripcion,url_detalle,id_sub,referencia_det,tipo_subasta,cantidad_reclamada_eur,lotes,anuncio_boe,valor_subasta_eur,tasacion_eur,puja_minima_eur,tramo_pujas_eur,deposito_eur,fecha_inicio,fecha_conclusion,cuenta_expediente,forma_adjudicacion
SUB-RC-2025-3800100125018,1,Agencia Tributaria Canaria - Las Palmas de Gran Canaria (Comunidad Autónoma de Canarias),,Suspendida,,"URBANA: Número veinticinco. -Unidad de Alojamiento número “setecientos cincuenta y siete”, Bungalow tipo “B”, número “Treinta y cinco” en la precontratación, sito en el Bloque Número V de lo que integran el Complejo denominado Green Sea, construido sobre la parcela B del polígono once de la Urbanización “Las Burras”. superficie edificada conjunta de sesenta y dos metros dos decímetros cuadrados, incluyendo el jardín privado","https://subastas.boe.es/detalleSubasta.php?idSub=SUB-RC-2025-3800100125018&idBus=b1dsZHcyK2F3Z2VwRFVqaXQ1OGVPbGZZWnlDUzY0ekcvQTAzTDNNSks0RTJWL0h4UXRTRW1hdnlIRDJuMzJjMVgxYks0MUpxak5iWWpQNnZGaGhSMGVmUTNyUnpkS0JvWUtiSm56a1IxcjdYQXRpY2E2dHVFNnNtMXNoWDFvak1EeXhZVTZNQ3JCUlk0WVptemtmbHlLT21sbkF0TVpFOHRXYnp3Lzhhc0xzVmREWWNzVllPekhpTFp0NjRzQXJIaFdLY3h4WjNsc0tCR2JBOXN1d01lWXp0aG1iUjZTWTlmNkF3bHdGSFRRa2tCeG5WZnJFUzl2cmljMldsd1Q5VE1MWFJqVmF5VElCM2xud2s1UE5tckVPLzNHVjV1Vy8wbVpMdnpCRUdWeGxrUHFMODlmOVZVN09pVVEvcldOZGI,--50",SUB-RC-2025-3800100125018,SUB-RC-2025-3800100125018,RECAUDACIÓN TRIBUTARIA,315821.33,1,BOE-B-2025-39962,105744.66,105744.66,,1500.0,5287.23,,,,
SUB-AT-2025-24R4686001676,1,U.R. SUBASTAS VALENCIA - VALENCIA (AEAT),,Finalizada y depósitos con reserva devueltos,01/12/2025 a las 18:00:00,"VIVIENDA. CL/ SIENA, 37 BJ J. 28027 - MADRID (MADRID)","https://subastas.boe.es/detalleSubasta.php?idSub=SUB-AT-2025-24R4686001676&idBus=b1dsZHcyK2F3Z2VwRFVqaXQ1OGVPbGZZWnlDUzY0ekcvQTAzTDNNSks0RTJWL0h4UXRTRW1hdnlIRDJuMzJjMVgxYks0MUpxak5iWWpQNnZGaGhSMGVmUTNyUnpkS0JvWUtiSm56a1IxcjdYQXRpY2E2dHVFNnNtMXNoWDFvak1EeXhZVTZNQ3JCUlk0WVptemtmbHlLT21sbkF0TVpFOHRXYnp3Lzhhc0xzVmREWWNzVllPekhpTFp0NjRzQXJIaFdLY3h4WjNsc0tCR2JBOXN1d01lWXp0aG1iUjZTWTlmNkF3bHdGSFRRa2tCeG5WZnJFUzl2cmljMldsd1Q5VE1MWFJqVmF5VElCM2xud2s1UE5tckVPLzNHVjV1Vy8wbVpMdnpCRUdWeGxrUHFMODlmOVZVN09pVVEvcldOZGI,--50",SUB-AT-2025-24R4686001676,SUB-AT-2025-24R4686001676,AGENCIA TRIBUTARIA,,1,BOE-B-2025-41064,55110.3,311336.41,,1000.0,2755.51,2025-11-11,2025-12-01,,
SUB-AT-2025-25R0886001398,1,U.R. SUBASTAS CATALUÑA - BARCELONA (AEAT),,Finalizada y depósitos con reserva devueltos,01/12/2025 a las 18:00:00,SOLAR. UR FONT DEL BOSC 108 MEDIONA BARCELONA,"https://subastas.boe.es/detalleSubasta.php?idSub=SUB-AT-2025-25R0886001398&idBus=b1dsZHcyK2F3Z2VwRFVqaXQ1OGVPbGZZWnlDUzY0ekcvQTAzTDNNSks0RTJWL0h4UXRTRW1hdnlIRDJuMzJjMVgxYks0MUpxak5iWWpQNnZGaGhSMGVmUTNyUnpkS0JvWUtiSm56a1IxcjdYQXRpY2E2dHVFNnNtMXNoWDFvak1EeXhZVTZNQ3JCUlk0WVptemtmbHlLT21sbkF0TVpFOHRXYnp3Lzhhc0xzVmREWWNzVllPekhpTFp0NjRzQXJIaFdLY3h4WjNsc0tCR2JBOXN1d01lWXp0aG1iUjZTWTlmNkF3bHdGSFRRa2tCeG5WZnJFUzl2cmljMldsd1Q5VE1MWFJqVmF5VElCM2xud2s1UE5tckVPLzNHVjV1Vy8wbVpMdnpCRUdWeGxrUHFMODlmOVZVN09pVVEvcldOZGI,--50",SUB-AT-2025-25R0886001398,SUB-AT-2025-25R0886001398,AGENCIA TRIBUTARIA,,1,BOE-B-2025-41049,47400.0,79000.0,4740.0,1000.0,2370.0,2025-11-11,2025-12-01,,
SUB-AT-2025-25R0886001399,1,U.R. SUBASTAS CATALUÑA - BARCELONA (AEAT),,Finalizada y depósitos con reserva devueltos,01/12/2025 a las 18:00:00,SOLAR. UR FONT DEL BOSC . C/ BELLOC 131 MEDIONA BARCELONA,"https://subastas.boe.es/detalleSubasta.php?idSub=SUB-AT-2025-25R0886001399&idBus=b1dsZHcyK2F3Z2VwRFVqaXQ1OGVPbGZZWnlDUzY0ekcvQTAzTDNNSks0RTJWL0h4UXRTRW1hdnlIRDJuMzJjMVgxYks0MUpxak5iWWpQNnZGaGhSMGVmUTNyUnpkS0JvWUtiSm56a1IxcjdYQXRpY2E2dHVFNnNtMXNoWDFvak1EeXhZVTZNQ3JCUlk0WVptemtmbHlLT21sbkF0TVpFOHRXYnp3Lzhhc0xzVmREWWNzVllPekhpTFp0NjRzQXJIaFdLY3h4WjNsc0tCR2JBOXN1d01lWXp0aG1iUjZTWTlmNkF3bHdGSFRRa2tCeG5WZnJFUzl2cmljMldsd1Q5VE1MWFJqVmF5VElCM2xud2s1UE5tckVPLzNHVjV1Vy8wbVpMdnpCRUdWeGxrUHFMODlmOVZVN09pVVEvcldOZGI,--50",SUB-AT-2025-25R0886001399,SUB-AT-2025-25R0886001399,AGENCIA TRIBUTARIA,,1,BOE-B-2025-41050,49200.0,82000.0,4920.0,1000.0,2460.0,2025-11-11,2025-12-01,,
SUB-AT-2025-25R0886001455,1,U.R. SUBASTAS CATALUÑA - BARCELONA (AEAT),,Finalizada y depósitos con reserva devueltos,01/12/2025 a las 18:00:00,100% PLENO DOMINIO DE GARAJE. PD/ DEL CAMP . 25718 - LES VALLS DE VALIRA (LLEIDA),"https://subastas.boe.es/detalleSubasta.php?idSub=SUB-AT-2025-25R0886001455&idBus=b1dsZHcyK2F3Z2VwRFVqaXQ1OGVPbGZZWnlDUzY0ekcvQTAzTDNNSks0RTJWL0h4UXRTRW1hdnlIRDJuMzJjMVgxYks0MUpxak5iWWpQNnZGaGhSMGVmUTNyUnpkS0JvWUtiSm56a1IxcjdYQXRpY2E2dHVFNnNtMXNoWDFvak1EeXhZVTZNQ3JCUlk0WVptemtmbHlLT21sbkF0TVpFOHRXYnp3Lzhhc0xzVmREWWNzVllPekhpTFp0NjRzQXJIaFdLY3h4WjNsc0tCR2JBOXN1d01lWXp0aG1iUjZTWTlmNkF3bHdGSFRRa2tCeG5WZnJFUzl2cmljMldsd1Q5VE1MWFJqVmF5VElCM2xud2s1UE5tckVPLzNHVjV1Vy8wbVpMdnpCRUdWeGxrUHFMODlmOVZVN09pVVEvcldOZGI,--50",SUB-AT-2025-25R0886001455,SUB-AT-2025-25R0886001455,AGENCIA TRIBUTARIA,,1,BOE-B-2025-41051,15264.48,15264.48,1526.45,500.0,763.22,2025-11-11,2025-12-01,,
SUB-AT-2025-25R0886001516,1,U.R. SUBASTAS CATALUÑA - BARCELONA (AEAT),,Finalizada y depósitos con reserva devueltos,01/12/2025 a las 18:00:00,SOLAR. UR FONT BONA S/N LLAGOSTERA GIRONA,"https://subastas.boe.es/detalleSubasta.php?idSub=SUB-AT-2025-25R0886001516&idBus=b1dsZHcyK2F3Z2VwRFVqaXQ1OGVPbGZZWnlDUzY0ekcvQTAzTDNNSks0RTJWL0h4UXRTRW1hdnlIRDJuMzJjMVgxYks0MUpxak5iWWpQNnZGaGhSMGVmUTNyUnpkS0JvWUtiSm56a1IxcjdYQXRpY2E2dHVFNnNtMXNoWDFvak1EeXhZVTZNQ3JCUlk0WVptemtmbHlLT21sbkF0TVpFOHRXYnp3Lzhhc0xzVmREWWNzVllPekhpTFp0NjRzQXJIaFdLY3h4WjNsc0tCR2JBOXN1d01lWXp0aG1iUjZTWTlmNkF3bHdGSFRRa2tCeG5WZnJFUzl2cmljMldsd1Q5VE1MWFJqVmF5VElCM2xud2s1UE5tckVPLzNHVjV1Vy8wbVpMdnpCRUdWeGxrUHFMODlmOVZVN09pVVEvcldOZGI,--50",SUB-AT-2025-25R0886001516,SUB-AT-2025-25R0886001516,AGENCIA TRIBUTARIA,,1,BOE-B-2025-41052,52941.17,88235.29,5294.12,1000.0,2647.05,2025-11-11,2025-12-01,,
SUB-AT-2025-25R0886001517,1,U.R. SUBASTAS CATALUÑA - BARCELONA (AEAT),,Finalizada y depósitos con reserva devueltos,01/12/2025 a las 18:00:00,SOLAR. UR FONT BONA S/N LLAGOSTERA GIRONA,"https://subastas.boe.es/detalleSubasta.php?idSub=SUB-AT-2025-25R0886001517&idBus=b1dsZHcyK2F3Z2VwRFVqaXQ1OGVPbGZZWnlDUzY0ekcvQTAzTDNNSks0RTJWL0h4UXRTRW1hdnlIRDJuMzJjMVgxYks0MUpxak5iWWpQNnZGaGhSMGVmUTNyUnpkS0JvWUtiSm56a1IxcjdYQXRpY2E2dHVFNnNtMXNoWDFvak1EeXhZVTZNQ3JCUlk0WVptemtmbHlLT21sbkF0TVpFOHRXYnp3Lzhhc0xzVmREWWNzVllPekhpTFp0NjRzQXJIaFdLY3h4WjNsc0tCR2JBOXN1d01lWXp0aG1iUjZTWTlmNkF3bHdGSFRRa2tCeG5WZnJFUzl2cmljMldsd1Q5VE1MWFJqVmF5VElCM2xud2s1UE5tckVPLzNHVjV1Vy8wbVpMdnpCRUdWeGxrUHFMODlmOVZVN09pVVEvcldOZGI,--50",SUB-AT-2025-25R0886001517,SUB-AT-2025-25R0886001517,AGENCIA TRIBUTARIA,,1,BOE-B-2025-41053,52941.17,88235.29,5294.12,1000.0,2647.05,2025-11-11,2025-12-01,,
SUB-AT-2025-25R0886001518,1,U.R. SUBASTAS CATALUÑA - BARCELONA (AEAT),,Finalizada y depósitos con reserva devueltos,01/12/2025 a las 18:00:00,SOLAR. UR FONT BONA S/N LLAGOSTERA GIRONA,"https://subastas.boe.es/detalleSubasta.php?idSub=SUB-AT-2025-25R0886001518&idBus=b1dsZHcyK2F3Z2VwRFVqaXQ1OGVPbGZZWnlDUzY0ekcvQTAzTDNNSks0RTJWL0h4UXRTRW1hdnlIRDJuMzJjMVgxYks0MUpxak5iWWpQNnZGaGhSMGVmUTNyUnpkS0JvWUtiSm56a1IxcjdYQXRpY2E2dHVFNnNtMXNoWDFvak1EeXhZVTZNQ3JCUlk0WVptemtmbHlLT21sbkF0TVpFOHRXYnp3Lzhhc0xzVmREWWNzVllPekhpTFp0NjRzQXJIaFdLY3h4WjNsc0tCR2JBOXN1d01lWXp0aG1iUjZTWTlmNkF3bHdGSFRRa2tCeG5WZnJFUzl2cmljMldsd1Q5VE1MWFJqVmF5VElCM2xud2s1UE5tckVPLzNHVjV1Vy8wbVpMdnpCRUdWeGxrUHFMODlmOVZVN09pVVEvcldOZGI,--50",SUB-AT-2025-25R0886001518,SUB-AT-2025-25R0886001518,AGENCIA TRIBUTARIA,,1,BOE-B-2025-41054,52941.17,88235.29,5294.12,1000.0,2647.05,2025-11-11,2025-12-01,,
SUB-AT-2025-25R0886001519,1,U.R. SUBASTAS CATALUÑA - BARCELONA (AEAT),,Finalizada y depósitos con reserva devueltos,01/12/2025 a las 18:00:00,2 fincas en Llagostera,"https://subastas.boe.es/detalleSubasta.php?idSub=SUB-AT-2025-25R0886001519&idBus=b1dsZHcyK2F3Z2VwRFVqaXQ1OGVPbGZZWnlDUzY0ekcvQTAzTDNNSks0RTJWL0h4UXRTRW1hdnlIRDJuMzJjMVgxYks0MUpxak5iWWpQNnZGaGhSMGVmUTNyUnpkS0JvWUtiSm56a1IxcjdYQXRpY2E2dHVFNnNtMXNoWDFvak1EeXhZVTZNQ3JCUlk0WVptemtmbHlLT21sbkF0TVpFOHRXYnp3Lzhhc0xzVmREWWNzVllPekhpTFp0NjRzQXJIaFdLY3h4WjNsc0tCR2JBOXN1d01lWXp0aG1iUjZTWTlmNkF3bHdGSFRRa2tCeG5WZnJFUzl2cmljMldsd1Q5VE1MWFJqVmF5VElCM2xud2s1UE5tckVPLzNHVjV1Vy8wbVpMdnpCRUdWeGxrUHFMODlmOVZVN09pVVEvcldOZGI,--50",SUB-AT-2025-25R0886001519,SUB-AT-2025-25R0886001519,AGENCIA TRIBUTARIA,,1,BOE-B-2025-41055,105882.34,176470.58,10588.23,2000.0,5294.11,2025-11-11,2025-12-01,,
SUB-AT-2025-25R0886001521,1,U.R. SUBASTAS CATALUÑA - BARCELONA (AEAT),,Finalizada y depósitos con reserva devueltos,01/12/2025 a las 18:00:00,2 fincas en Llagostera,"https://subastas.boe.es/detalleSubasta.php?idSub=SUB-AT-2025-25R0886001521&idBus=b1dsZHcyK2F3Z2VwRFVqaXQ1OGVPbGZZWnlDUzY0ekcvQTAzTDNNSks0RTJWL0h4UXRTRW1hdnlIRDJuMzJjMVgxYks0MUpxak5iWWpQNnZGaGhSMGVmUTNyUnpkS0JvWUtiSm56a1IxcjdYQXRpY2E2dHVFNnNtMXNoWDFvak1EeXhZVTZNQ3JCUlk0WVptemtmbHlLT21sbkF0TVpFOHRXYnp3Lzhhc0xzVmREWWNzVllPekhpTFp0NjRzQXJIaFdLY3h4WjNsc0tCR2JBOXN1d01lWXp0aG1iUjZTWTlmNkF3bHdGSFRRa2tCeG5WZnJFUzl2cmljMldsd1Q5VE1MWFJqVmF5VElCM2xud2s1UE5tckVPLzNHVjV1Vy8wbVpMdnpCRUdWeGxrUHFMODlmOVZVN09pVVEvcldOZGI,--50",SUB-AT-2025-25R0886001521,SUB-AT-2025-25R0886001521,AGENCIA TRIBUTARIA,,1,BOE-B-2025-41057,105882.34,176470.58,10588.23,2000.0,5294.11,2025-11-11,2025-12-01,,
SUB-AT-2025-25R1586001076,1,U.R. SUBASTAS GALICIA - A CORUÑA (AEAT),,Cancelada,,VIVIENDA EN CM OIA 17.-36390 - VIGO (PONTEVEDRA),"https://subastas.boe.es/detalleSubasta.php?idSub=SUB-AT-2025-25R1586001076&idBus=b1dsZHcyK2F3Z2VwRFVqaXQ1OGVPbGZZWnlDUzY0ekcvQTAzTDNNSks0RTJWL0h4UXRTRW1hdnlIRDJuMzJjMVgxYks0MUpxak5iWWpQNnZGaGhSMGVmUTNyUnpkS0JvWUtiSm56a1IxcjdYQXRpY2E2dHVFNnNtMXNoWDFvak1EeXhZVTZNQ3JCUlk0WVptemtmbHlLT21sbkF0TVpFOHRXYnp3Lzhhc0xzVmREWWNzVllPekhpTFp0NjRzQXJIaFdLY3h4WjNsc0tCR2JBOXN1d01lWXp0aG1iUjZTWTlmNkF3bHdGSFRRa2tCeG5WZnJFUzl2cmljMldsd1Q5VE1MWFJqVmF5VElCM2xud2s1UE5tckVPLzNHVjV1Vy8wbVpMdnpCRUdWeGxrUHFMODlmOVZVN09pVVEvcldOZGI,--50",SUB-AT-2025-25R1586001076,SUB-AT-2025-25R1586001076,AGENCIA TRIBUTARIA,,1,BOE-B-2025-41021,299000.84,299000.84,29900.08,2000.0,14950.04,,,,
SUB-AT-2025-25R1586001085,1,U.R. SUBASTAS GALICIA - A CORUÑA (AEAT),,Finalizada y depósitos con reserva devueltos,01/12/2025 a las 18:00:00,FINCA RUSTICA. LG ALDEOLA S/N MALPICA DE BERGANTIÑOS A CORUÑA,"https://subastas.boe.es/detalleSubasta.php?idSub=SUB-AT-2025-25R1586001085&idBus=b1dsZHcyK2F3Z2VwRFVqaXQ1OGVPbGZZWnlDUzY0ekcvQTAzTDNNSks0RTJWL0h4UXRTRW1hdnlIRDJuMzJjMVgxYks0MUpxak5iWWpQNnZGaGhSMGVmUTNyUnpkS0JvWUtiSm56a1IxcjdYQXRpY2E2dHVFNnNtMXNoWDFvak1EeXhZVTZNQ3JCUlk0WVptemtmbHlLT21sbkF0TVpFOHRXYnp3Lzhhc0xzVmREWWNzVllPekhpTFp0NjRzQXJIaFdLY3h4WjNsc0tCR2JBOXN1d01lWXp0aG1iUjZTWTlmNkF3bHdGSFRRa2tCeG5WZnJFUzl2cmljMldsd1Q5VE1MWFJqVmF5VElCM2xud2s1UE5tckVPLzNHVjV1Vy8wbVpMdnpCRUdWeGxrUHFMODlmOVZVN09pVVEvcldOZGI,--50",SUB-AT-2025-25R1586001085,SUB-AT-2025-25R1586001085,AGENCIA TRIBUTARIA,,1,BOE-B-2025-41024,440411.92,440411.92,44041.19,2000.0,22020.59,2025-11-11,2025-12-01,,
SUB-AT-2025-25R1586001087,1,U.R. SUBASTAS GALICIA - A CORUÑA (AEAT),,Finalizada y depósitos con reserva devueltos,01/12/2025 a las 18:00:00,25% PLENO DOMINIO DOS FINCAS RÚSTICAS EN VILLALONGA.36960 SANXENXO (PONTEVEDRA),"https://subastas.boe.es/detalleSubasta.php?idSub=SUB-AT-2025-25R1586001087&idBus=b1dsZHcyK2F3Z2VwRFVqaXQ1OGVPbGZZWnlDUzY0ekcvQTAzTDNNSks0RTJWL0h4UXRTRW1hdnlIRDJuMzJjMVgxYks0MUpxak5iWWpQNnZGaGhSMGVmUTNyUnpkS0JvWUtiSm56a1IxcjdYQXRpY2E2dHVFNnNtMXNoWDFvak1EeXhZVTZNQ3JCUlk0WVptemtmbHlLT21sbkF0TVpFOHRXYnp3Lzhhc0xzVmREWWNzVllPekhpTFp0NjRzQXJIaFdLY3h4WjNsc0tCR2JBOXN1d01lWXp0aG1iUjZTWTlmNkF3bHdGSFRRa2tCeG5WZnJFUzl2cmljMldsd1Q5VE1MWFJqVmF5VElCM2xud2s1UE5tckVPLzNHVjV1Vy8wbVpMdnpCRUdWeGxrUHFMODlmOVZVN09pVVEvcldOZGI,--50",SUB-AT-2025-25R1586001087,SUB-AT-2025-25R1586001087,AGENCIA TRIBUTARIA,,1,BOE-B-2025-41025,12483.51,12483.51,1248.35,500.0,624.17,2025-11-11,2025-12-01,,
SUB-AT-2025-25R3386001073,1,U.R. SUBASTAS ASTURIAS - OVIEDO (AEAT),,Finalizada y depósitos con reserva devueltos,01/12/2025 a las 18:00:00,PARCELA PI15 DEL PG. INDUSTRIAL DE PIÑERES DE PRÍA - LLANES (ASTURIAS),"https://subastas.boe.es/detalleSubasta.php?idSub=SUB-AT-2025-25R3386001073&idBus=b1dsZHcyK2F3Z2VwRFVqaXQ1OGVPbGZZWnlDUzY0ekcvQTAzTDNNSks0RTJWL0h4UXRTRW1hdnlIRDJuMzJjMVgxYks0MUpxak5iWWpQNnZGaGhSMGVmUTNyUnpkS0JvWUtiSm56a1IxcjdYQXRpY2E2dHVFNnNtMXNoWDFvak1EeXhZVTZNQ3JCUlk0WVptemtmbHlLT21sbkF0TVpFOHRXYnp3Lzhhc0xzVmREWWNzVllPekhpTFp0NjRzQXJIaFdLY3h4WjNsc0tCR2JBOXN1d01lWXp0aG1iUjZTWTlmNkF3bHdGSFRRa2tCeG5WZnJFUzl2cmljMldsd1Q5VE1MWFJqVmF5VElCM2xud2s1UE5tckVPLzNHVjV1Vy8wbVpMdnpCRUdWeGxrUHFMODlmOVZVN09pVVEvcldOZGI,--50",SUB-AT-2025-25R3386001073,SUB-AT-2025-25R3386001073,AGENCIA TRIBUTARIA,,1,BOE-B-2025-41019,96543.63,120679.54,9654.36,2000.0,4827.18,2025-11-11,2025-12-01,,
SUB-AT-2025-25R4186001671,1,U.R. SUBASTAS ANDALUCIA 41 - SEVILLA (AEAT),,Finalizada y depósitos con reserva devueltos,01/12/2025 a las 18:00:00,"100% PLENO DOMINIO. FINCA 12987. CL/ TOLEDO, LOCAL 4, CHURRIANA DE LA VEGA (GRANADA)","https://subastas.boe.es/detalleSubasta.php?idSub=SUB-AT-2025-25R4186001671&idBus=b1dsZHcyK2F3Z2VwRFVqaXQ1OGVPbGZZWnlDUzY0ekcvQTAzTDNNSks0RTJWL0h4UXRTRW1hdnlIRDJuMzJjMVgxYks0MUpxak5iWWpQNnZGaGhSMGVmUTNyUnpkS0JvWUtiSm56a1IxcjdYQXRpY2E2dHVFNnNtMXNoWDFvak1EeXhZVTZNQ3JCUlk0WVptemtmbHlLT21sbkF0TVpFOHRXYnp3Lzhhc0xzVmREWWNzVllPekhpTFp0NjRzQXJIaFdLY3h4WjNsc0tCR2JBOXN1d01lWXp0aG1iUjZTWTlmNkF3bHdGSFRRa2tCeG5WZnJFUzl2cmljMldsd1Q5VE1MWFJqVmF5VElCM2xud2s1UE5tckVPLzNHVjV1Vy8wbVpMdnpCRUdWeGxrUHFMODlmOVZVN09pVVEvcldOZGI,--50",SUB-AT-2025-25R4186001671,SUB-AT-2025-25R4186001671,AGENCIA TRIBUTARIA,,1,BOE-B-2025-41062,74510.85,93138.57,7451.08,2000.0,3725.54,2025-11-11,2025-12-01,,
SUB-AT-2025-25R4786001116,1,U.R. SUBASTAS CASTILLA Y LEON - VALLADOLID (AEAT),,Finalizada y depósitos con reserva devueltos,01/12/2025 a las 18:00:00,"8,33% de la NUDA PROPIEDAD de LOCAL COMERCIAL. CL/ BOLIVAR, 51 1 00 29. 37004 - SALAMANCA","https://subastas.boe.es/detalleSubasta.php?idSub=SUB-AT-2025-25R4786001116&idBus=b1dsZHcyK2F3Z2VwRFVqaXQ1OGVPbGZZWnlDUzY0ekcvQTAzTDNNSks0RTJWL0h4UXRTRW1hdnlIRDJuMzJjMVgxYks0MUpxak5iWWpQNnZGaGhSMGVmUTNyUnpkS0JvWUtiSm56a1IxcjdYQXRpY2E2dHVFNnNtMXNoWDFvak1EeXhZVTZNQ3JCUlk0WVptemtmbHlLT21sbkF0TVpFOHRXYnp3Lzhhc0xzVmREWWNzVllPekhpTFp0NjRzQXJIaFdLY3h4WjNsc0tCR2JBOXN1d01lWXp0aG1iUjZTWTlmNkF3bHdGSFRRa2tCeG5WZnJFUzl2cmljMldsd1Q5VE1MWFJqVmF5VElCM2xud2s1UE5tckVPLzNHVjV1Vy8wbVpMdnpCRUdWeGxrUHFMODlmOVZVN09pVVEvcldOZGI,--50",SUB-AT-2025-25R4786001116,SUB-AT-2025-25R4786001116,AGENCIA TRIBUTARIA,,1,BOE-B-2025-41027,3800.0,3800.0,380.0,200.0,190.0,2025-11-11,2025-12-01,,
SUB-AT-2025-25R4786001117,1,U.R. SUBASTAS CASTILLA Y LEON - VALLADOLID (AEAT),,Finalizada y depósitos con reserva devueltos,01/12/2025 a las 18:00:00,"8,33% de la NUDA PROPIEDAD de VIVIENDA. PS/ DE LOS ROBLES, 37 4 I. 37004 - SALAMANCA","https://subastas.boe.es/detalleSubasta.php?idSub=SUB-AT-2025-25R4786001117&idBus=b1dsZHcyK2F3Z2VwRFVqaXQ1OGVPbGZZWnlDUzY0ekcvQTAzTDNNSks0RTJWL0h4UXRTRW1hdnlIRDJuMzJjMVgxYks0MUpxak5iWWpQNnZGaGhSMGVmUTNyUnpkS0JvWUtiSm56a1IxcjdYQXRpY2E2dHVFNnNtMXNoWDFvak1EeXhZVTZNQ3JCUlk0WVptemtmbHlLT21sbkF0TVpFOHRXYnp3Lzhhc0xzVmREWWNzVllPekhpTFp0NjRzQXJIaFdLY3h4WjNsc0tCR2JBOXN1d01lWXp0aG1iUjZTWTlmNkF3bHdGSFRRa2tCeG5WZnJFUzl2cmljMldsd1Q5VE1MWFJqVmF5VElCM2xud2s1UE5tckVPLzNHVjV1Vy8wbVpMdnpCRUdWeGxrUHFMODlmOVZVN09pVVEvcldOZGI,--50",SUB-AT-2025-25R4786001117,SUB-AT-2025-25R4786001117,AGENCIA TRIBUTARIA,,1,BOE-B-2025-41028,9000.0,9000.0,900.0,500.0,450.0,2025-11-11,2025-12-01,,
SUB-AT-2025-25R4786001200,1,U.R. SUBASTAS CASTILLA Y LEON - VALLADOLID (AEAT),,Cancelada,,"Lote compuesto por 3 fincas rústicas en Amusco, Ribas de Campos y S.Cebrián de Campos. PALENCIA","https://subastas.boe.es/detalleSubasta.php?idSub=SUB-AT-2025-25R4786001200&idBus=b1dsZHcyK2F3Z2VwRFVqaXQ1OGVPbGZZWnlDUzY0ekcvQTAzTDNNSks0RTJWL0h4UXRTRW1hdnlIRDJuMzJjMVgxYks0MUpxak5iWWpQNnZGaGhSMGVmUTNyUnpkS0JvWUtiSm56a1IxcjdYQXRpY2E2dHVFNnNtMXNoWDFvak1EeXhZVTZNQ3JCUlk0WVptemtmbHlLT21sbkF0TVpFOHRXYnp3Lzhhc0xzVmREWWNzVllPekhpTFp0NjRzQXJIaFdLY3h4WjNsc0tCR2JBOXN1d01lWXp0aG1iUjZTWTlmNkF3bHdGSFRRa2tCeG5WZnJFUzl2cmljMldsd1Q5VE1MWFJqVmF5VElCM2xud2s1UE5tckVPLzNHVjV1Vy8wbVpMdnpCRUdWeGxrUHFMODlmOVZVN09pVVEvcldOZGI,--50",SUB-AT-2025-25R4786001200,SUB-AT-2025-25R4786001200,AGENCIA TRIBUTARIA,,1,BOE-B-2025-41033,50940.91,73639.0,,1000.0,2547.04,,,,
SUB-AT-2025-25R4786001262,1,U.R. SUBASTAS CASTILLA Y LEON - VALLADOLID (AEAT),,Finalizada y depósitos con reserva devueltos,01/12/2025 a las 18:00:00,"El 50% del PD de FCA RUSTICA. PARC:7, POL:5, PJ/ LOS CAMPILLOS. 47686-MELGAR DE ARRIBA (VALLADOLID)","https://subastas.boe.es/detalleSubasta.php?idSub=SUB-AT-2025-25R4786001262&idBus=b1dsZHcyK2F3Z2VwRFVqaXQ1OGVPbGZZWnlDUzY0ekcvQTAzTDNNSks0RTJWL0h4UXRTRW1hdnlIRDJuMzJjMVgxYks0MUpxak5iWWpQNnZGaGhSMGVmUTNyUnpkS0JvWUtiSm56a1IxcjdYQXRpY2E2dHVFNnNtMXNoWDFvak1EeXhZVTZNQ3JCUlk0WVptemtmbHlLT21sbkF0TVpFOHRXYnp3Lzhhc0xzVmREWWNzVllPekhpTFp0NjRzQXJIaFdLY3h4WjNsc0tCR2JBOXN1d01lWXp0aG1iUjZTWTlmNkF3bHdGSFRRa2tCeG5WZnJFUzl2cmljMldsd1Q5VE1MWFJqVmF5VElCM2xud2s1UE5tckVPLzNHVjV1Vy8wbVpMdnpCRUdWeGxrUHFMODlmOVZVN09pVVEvcldOZGI,--50",SUB-AT-2025-25R4786001262,SUB-AT-2025-25R4786001262,AGENCIA TRIBUTARIA,,1,BOE-B-2025-41036,12932.01,12932.01,1293.2,500.0,646.6,2025-11-11,2025-12-01,,
SUB-JA-2018-112984,1,JUZGADO 1ª INST E INSTRUCC. 2 - SAGUNT,0072/17,Finalizada y depósitos con reserva devueltos,01/12/2025 a las 18:00:00,"VIVIENDA en planta primera alta, tipo F, de la Calle LLogarets número 1C de Faura (Valencia)","https://subastas.boe.es/detalleSubasta.php?idSub=SUB-JA-2018-112984&idBus=b1dsZHcyK2F3Z2VwRFVqaXQ1OGVPbGZZWnlDUzY0ekcvQTAzTDNNSks0RTJWL0h4UXRTRW1hdnlIRDJuMzJjMVgxYks0MUpxak5iWWpQNnZGaGhSMGVmUTNyUnpkS0JvWUtiSm56a1IxcjdYQXRpY2E2dHVFNnNtMXNoWDFvak1EeXhZVTZNQ3JCUlk0WVptemtmbHlLT21sbkF0TVpFOHRXYnp3Lzhhc0xzVmREWWNzVllPekhpTFp0NjRzQXJIaFdLY3h4WjNsc0tCR2JBOXN1d01lWXp0aG1iUjZTWTlmNkF3bHdGSFRRa2tCeG5WZnJFUzl2cmljMldsd1Q5VE1MWFJqVmF5VElCM2xud2s1UE5tckVPLzNHVjV1Vy8wbVpMdnpCRUdWeGxrUHFMODlmOVZVN09pVVEvcldOZGI,--50",SUB-JA-2018-112984,SUB-JA-2018-112984,JUDICIAL EN VÍA DE APREMIO,137461.28,1,BOE-B-2025-40925,240000.0,0.0,,4800.0,12000.0,2025-11-11,2025-12-01,4421 0000 06 0072 17,
SUB-JA-2022-198527,1,JUZGADO 1ª INSTANCIA 6 - SABADELL,1585/18,Finalizada y depósitos con reserva devueltos,01/12/2025 a las 18:00:00,"FINCA REGISTRAL Nº 58498, INSCRITA REGISTRO DE LA PROPIEDAD 2 DE SABADELL, AL TOMO 3887, LIBRO 1665, SECC 1º FOLIO 187","https://subastas.boe.es/detalleSubasta.php?idSub=SUB-JA-2022-198527&idBus=b1dsZHcyK2F3Z2VwRFVqaXQ1OGVPbGZZWnlDUzY0ekcvQTAzTDNNSks0RTJWL0h4UXRTRW1hdnlIRDJuMzJjMVgxYks0MUpxak5iWWpQNnZGaGhSMGVmUTNyUnpkS0JvWUtiSm56a1IxcjdYQXRpY2E2dHVFNnNtMXNoWDFvak1EeXhZVTZNQ3JCUlk0WVptemtmbHlLT21sbkF0TVpFOHRXYnp3Lzhhc0xzVmREWWNzVllPekhpTFp0NjRzQXJIaFdLY3h4WjNsc0tCR2JBOXN1d01lWXp0aG1iUjZTWTlmNkF3bHdGSFRRa2tCeG5WZnJFUzl2cmljMldsd1Q5VE1MWFJqVmF5VElCM2xud2s1UE5tckVPLzNHVjV1Vy8wbVpMdnpCRUdWeGxrUHFMODlmOVZVN09pVVEvcldOZGI,--50",SUB-JA-2022-198527,SUB-JA-2022-198527,JUDICIAL EN VÍA DE APREMIO,7228528.3,1,BOE-B-2025-40922,7711773.2,0.0,,154235.46,385588.66,2025-11-11,2025-12-01,0820 0000 05 1585 18,
SUB-JA-2024-224678,1,JUZGADO 1ª INSTANCIA 3 - JAEN,0364/21,Pendiente de finalización y devolución de depósitos con reserva,01/12/2025 a las 18:00:00,"Urbana, NUMERO DIECIOCHO.- Planta Atico del edificio señalado con el nº54 de Mancha Real de la Calle Callejuelas Altas , y una superficie construida de noventa y siete metros y sesenta decímetros cuadrados, distribuida en diferentes dependencias , habitaciones y servicios","https://subastas.boe.es/detalleSubasta.php?idSub=SUB-JA-2024-224678&idBus=b1dsZHcyK2F3Z2VwRFVqaXQ1OGVPbGZZWnlDUzY0ekcvQTAzTDNNSks0RTJWL0h4UXRTRW1hdnlIRDJuMzJjMVgxYks0MUpxak5iWWpQNnZGaGhSMGVmUTNyUnpkS0JvWUtiSm56a1IxcjdYQXRpY2E2dHVFNnNtMXNoWDFvak1EeXhZVTZNQ3JCUlk0WVptemtmbHlLT21sbkF0TVpFOHRXYnp3Lzhhc0xzVmREWWNzVllPekhpTFp0NjRzQXJIaFdLY3h4WjNsc0tCR2JBOXN1d01lWXp0aG1iUjZTWTlmNkF3bHdGSFRRa2tCeG5WZnJFUzl2cmljMldsd1Q5VE1MWFJqVmF5VElCM2xud2s1UE5tckVPLzNHVjV1Vy8wbVpMdnpCRUdWeGxrUHFMODlmOVZVN09pVVEvcldOZGI,--50",SUB-JA-2024-224678,SUB-JA-2024-224678,JUDICIAL EN VÍA DE APREMIO,152320.8,1,BOE-B-2025-40893,141635.0,0.0,,2832.7,7081.75,2025-11-11,2025-12-01,2041 0000 06 0364 21,
SUB-JA-2024-226691,1,JUZGADO 1 INST E INSTRUCC. 2 - ALCAZAR DE SAN JUAN,0023/22,Finalizada y depósitos con reserva devueltos,01/12/2025 a las 18:00:00,CASA CON UNA SUPERFICIE DE 135 METROS CUADRADOS. DE LOS QUE 18 METROS CORRESPONDEN A UN CUARTO ALTO CON BAJO SITUADO A LA DERECHA DEL PATIO QUE ESTA EXCLUIDO EN LA SUBASTA. SUPERFICE DE LA CASA: 116 METROS CUADRADOS,"https://subastas.boe.es/detalleSubasta.php?idSub=SUB-JA-2024-226691&idBus=b1dsZHcyK2F3Z2VwRFVqaXQ1OGVPbGZZWnlDUzY0ekcvQTAzTDNNSks0RTJWL0h4UXRTRW1hdnlIRDJuMzJjMVgxYks0MUpxak5iWWpQNnZGaGhSMGVmUTNyUnpkS0JvWUtiSm56a1IxcjdYQXRpY2E2dHVFNnNtMXNoWDFvak1EeXhZVTZNQ3JCUlk0WVptemtmbHlLT21sbkF0TVpFOHRXYnp3Lzhhc0xzVmREWWNzVllPekhpTFp0NjRzQXJIaFdLY3h4WjNsc0tCR2JBOXN1d01lWXp0aG1iUjZTWTlmNkF3bHdGSFRRa2tCeG5WZnJFUzl2cmljMldsd1Q5VE1MWFJqVmF5VElCM2xud2s1UE5tckVPLzNHVjV1Vy8wbVpMdnpCRUdWeGxrUHFMODlmOVZVN09pVVEvcldOZGI,--50",SUB-JA-2024-226691,SUB-JA-2024-226691,JUDICIAL EN VÍA DE APREMIO,158204.5,1,BOE-B-2025-40843,146908.0,0.0,,2938.16,7345.4,2025-11-11,2025-12-01,1362 0000 06 0023 22,
SUB-JA-2024-228932,1,JUZGADO 1 INSTANCIA 7 - BADAJOZ,0169/14,Finalizada y depósitos con reserva devueltos,01/12/2025 a las 18:00:00,VIVIENDA EN BADAJOZ,"https://subastas.boe.es/detalleSubasta.php?idSub=SUB-JA-2024-228932&idBus=b1dsZHcyK2F3Z2VwRFVqaXQ1OGVPbGZZWnlDUzY0ekcvQTAzTDNNSks0RTJWL0h4UXRTRW1hdnlIRDJuMzJjMVgxYks0MUpxak5iWWpQNnZGaGhSMGVmUTNyUnpkS0JvWUtiSm56a1IxcjdYQXRpY2E2dHVFNnNtMXNoWDFvak1EeXhZVTZNQ3JCUlk0WVptemtmbHlLT21sbkF0TVpFOHRXYnp3Lzhhc0xzVmREWWNzVllPekhpTFp0NjRzQXJIaFdLY3h4WjNsc0tCR2JBOXN1d01lWXp0aG1iUjZTWTlmNkF3bHdGSFRRa2tCeG5WZnJFUzl2cmljMldsd1Q5VE1MWFJqVmF5VElCM2xud2s1UE5tckVPLzNHVjV1Vy8wbVpMdnpCRUdWeGxrUHFMODlmOVZVN09pVVEvcldOZGI,--50",SUB-JA-2024-228932,SUB-JA-2024-228932,JUDICIAL EN VÍA DE APREMIO,165498.06,1,BOE-B-2025-40858,222600.0,0.0,,,11130.0,2025-11-11,2025-12-01,5094 0000 06 0169 14,
SUB-JA-2025-145703,1,JUZGADO MERCANTIL 12 - MADRID,0589/15,Finalizada y depósitos con reserva devueltos,01/12/2025 a las 18:00:00,"MITAD INDIVISA DE  SOLAR-FINCA Nº 3405 INSCRITA EN EL REGISTRO DE LA PROPIEDAD DE NAVAHERMOSA AL TOMO 1162, LIBRO 35, FOLIO 71","https://subastas.boe.es/detalleSubasta.php?idSub=SUB-JA-2025-145703&idBus=b1dsZHcyK2F3Z2VwRFVqaXQ1OGVPbGZZWnlDUzY0ekcvQTAzTDNNSks0RTJWL0h4UXRTRW1hdnlIRDJuMzJjMVgxYks0MUpxak5iWWpQNnZGaGhSMGVmUTNyUnpkS0JvWUtiSm56a1IxcjdYQXRpY2E2dHVFNnNtMXNoWDFvak1EeXhZVTZNQ3JCUlk0WVptemtmbHlLT21sbkF0TVpFOHRXYnp3Lzhhc0xzVmREWWNzVllPekhpTFp0NjRzQXJIaFdLY3h4WjNsc0tCR2JBOXN1d01lWXp0aG1iUjZTWTlmNkF3bHdGSFRRa2tCeG5WZnJFUzl2cmljMldsd1Q5VE1MWFJqVmF5VElCM2xud2s1UE5tckVPLzNHVjV1Vy8wbVpMdnpCRUdWeGxrUHFMODlmOVZVN09pVVEvcldOZGI,--50",SUB-JA-2025-145703,SUB-JA-2025-145703,JUDICIAL EN VÍA DE APREMIO,109766.27,1,BOE-B-2025-40983,41766.58,83533.15,,,2088.32,2025-11-11,2025-12-01,4672 0000 05 0589 15,
SUB-JA-2025-241010,1,JUZGADO 1 INST E INSTRUCC. 4 - SANT BOI DE LLOBREGAT,0100/19,Pendiente de finalización y devolución de depósitos con reserva,01/12/2025 a las 18:00:00,Vivienda en Sant Boi de Llobregat,"https://subastas.boe.es/detalleSubasta.php?idSub=SUB-JA-2025-241010&idBus=b1dsZHcyK2F3Z2VwRFVqaXQ1OGVPbGZZWnlDUzY0ekcvQTAzTDNNSks0RTJWL0h4UXRTRW1hdnlIRDJuMzJjMVgxYks0MUpxak5iWWpQNnZGaGhSMGVmUTNyUnpkS0JvWUtiSm56a1IxcjdYQXRpY2E2dHVFNnNtMXNoWDFvak1EeXhZVTZNQ3JCUlk0WVptemtmbHlLT21sbkF0TVpFOHRXYnp3Lzhhc0xzVmREWWNzVllPekhpTFp0NjRzQXJIaFdLY3h4WjNsc0tCR2JBOXN1d01lWXp0aG1iUjZTWTlmNkF3bHdGSFRRa2tCeG5WZnJFUzl2cmljMldsd1Q5VE1MWFJqVmF5VElCM2xud2s1UE5tckVPLzNHVjV1Vy8wbVpMdnpCRUdWeGxrUHFMODlmOVZVN09pVVEvcldOZGI,--50",SUB-JA-2025-241010,SUB-JA-2025-241010,JUDICIAL EN VÍA DE APREMIO,229714.72,1,BOE-B-2025-40928,264772.5,0.0,,5000.0,13238.62,2025-11-11,2025-12-01,0835 0000 06 0100 19,
SUB-JA-2025-249410,1,JUZGADO 1 INST E INSTRUCC. 7 - DOS HERMANAS,0752/23,Finalizada y depósitos con reserva devueltos,01/12/2025 a las 18:00:00,"Bien: 50% indiviso de propiedad del demandado SANTIAGO IGLESIAS PALMA
          de la finca registral con código IDUFIR 19010000015025, Finca 4.643 del Registro de la
          Propiedad nº 3 de Guadalajara, inscrita al Tomo 1.567, Libro 50, Folio 131","https://subastas.boe.es/detalleSubasta.php?idSub=SUB-JA-2025-249410&idBus=b1dsZHcyK2F3Z2VwRFVqaXQ1OGVPbGZZWnlDUzY0ekcvQTAzTDNNSks0RTJWL0h4UXRTRW1hdnlIRDJuMzJjMVgxYks0MUpxak5iWWpQNnZGaGhSMGVmUTNyUnpkS0JvWUtiSm56a1IxcjdYQXRpY2E2dHVFNnNtMXNoWDFvak1EeXhZVTZNQ3JCUlk0WVptemtmbHlLT21sbkF0TVpFOHRXYnp3Lzhhc0xzVmREWWNzVllPekhpTFp0NjRzQXJIaFdLY3h4WjNsc0tCR2JBOXN1d01lWXp0aG1iUjZTWTlmNkF3bHdGSFRRa2tCeG5WZnJFUzl2cmljMldsd1Q5VE1MWFJqVmF5VElCM2xud2s1UE5tckVPLzNHVjV1Vy8wbVpMdnpCRUdWeGxrUHFMODlmOVZVN09pVVEvcldOZGI,--50",SUB-JA-2025-249410,SUB-JA-2025-249410,JUDICIAL EN VÍA DE APREMIO,79219.16,1,BOE-B-2025-40871,76822.05,0.0,,1536.44,3841.1,2025-11-11,2025-12-01,4846 0000 05 0752 23,
SUB-JA-2025-249586,1,UNIDAD SUBASTAS JUDICIALES MURCIA - MURCIA,0034/23,Cancelada,,"Id. lote. 249586L1. Finca registral 31833. Parcela de 4.559 m2 con dos naves industriales destinadas a oficinas y carpintería, un aparcamiento, en Fuente del Pino - Jumilla","https://subastas.boe.es/detalleSubasta.php?idSub=SUB-JA-2025-249586&idBus=b1dsZHcyK2F3Z2VwRFVqaXQ1OGVPbGZZWnlDUzY0ekcvQTAzTDNNSks0RTJWL0h4UXRTRW1hdnlIRDJuMzJjMVgxYks0MUpxak5iWWpQNnZGaGhSMGVmUTNyUnpkS0JvWUtiSm56a1IxcjdYQXRpY2E2dHVFNnNtMXNoWDFvak1EeXhZVTZNQ3JCUlk0WVptemtmbHlLT21sbkF0TVpFOHRXYnp3Lzhhc0xzVmREWWNzVllPekhpTFp0NjRzQXJIaFdLY3h4WjNsc0tCR2JBOXN1d01lWXp0aG1iUjZTWTlmNkF3bHdGSFRRa2tCeG5WZnJFUzl2cmljMldsd1Q5VE1MWFJqVmF5VElCM2xud2s1UE5tckVPLzNHVjV1Vy8wbVpMdnpCRUdWeGxrUHFMODlmOVZVN09pVVEvcldOZGI,--50",SUB-JA-2025-249586,SUB-JA-2025-249586,JUDICIAL EN VÍA DE APREMIO,56715.54,1,BOE-B-2025-40991,209925.0,0.0,,2099.26,10496.25,,,3728 3065 06 0034 23,
SUB-JA-2025-250208,1,JUZGADO 1 INSTANCIA 5 - GUADALAJARA,0148/23,Finalizada y depósitos con reserva devueltos,01/12/2025 a las 18:00:00,URBANA,"https://subastas.boe.es/detalleSubasta.php?idSub=SUB-JA-2025-250208&idBus=b1dsZHcyK2F3Z2VwRFVqaXQ1OGVPbGZZWnlDUzY0ekcvQTAzTDNNSks0RTJWL0h4UXRTRW1hdnlIRDJuMzJjMVgxYks0MUpxak5iWWpQNnZGaGhSMGVmUTNyUnpkS0JvWUtiSm56a1IxcjdYQXRpY2E2dHVFNnNtMXNoWDFvak1EeXhZVTZNQ3JCUlk0WVptemtmbHlLT21sbkF0TVpFOHRXYnp3Lzhhc0xzVmREWWNzVllPekhpTFp0NjRzQXJIaFdLY3h4WjNsc0tCR2JBOXN1d01lWXp0aG1iUjZTWTlmNkF3bHdGSFRRa2tCeG5WZnJFUzl2cmljMldsd1Q5VE1MWFJqVmF5VElCM2xud2s1UE5tckVPLzNHVjV1Vy8wbVpMdnpCRUdWeGxrUHFMODlmOVZVN09pVVEvcldOZGI,--50",SUB-JA-2025-250208,SUB-JA-2025-250208,JUDICIAL EN VÍA DE APREMIO,95743.0,1,BOE-B-2025-40891,167917.96,0.0,,3358.35,8395.89,2025-11-11,2025-12-01,3291 0000 06 0148 23,
SUB-JA-2025-250760,1,Sección Civil e Instrucción TI Benavente. Plz.n 2 - BENAVENTE,0026/24,Finalizada y depósitos con reserva devueltos,01/12/2025 a las 18:00:00,FINCA RUSTICA,"https://subastas.boe.es/detalleSubasta.php?idSub=SUB-JA-2025-250760&idBus=b1dsZHcyK2F3Z2VwRFVqaXQ1OGVPbGZZWnlDUzY0ekcvQTAzTDNNSks0RTJWL0h4UXRTRW1hdnlIRDJuMzJjMVgxYks0MUpxak5iWWpQNnZGaGhSMGVmUTNyUnpkS0JvWUtiSm56a1IxcjdYQXRpY2E2dHVFNnNtMXNoWDFvak1EeXhZVTZNQ3JCUlk0WVptemtmbHlLT21sbkF0TVpFOHRXYnp3Lzhhc0xzVmREWWNzVllPekhpTFp0NjRzQXJIaFdLY3h4WjNsc0tCR2JBOXN1d01lWXp0aG1iUjZTWTlmNkF3bHdGSFRRa2tCeG5WZnJFUzl2cmljMldsd1Q5VE1MWFJqVmF5VElCM2xud2s1UE5tckVPLzNHVjV1Vy8wbVpMdnpCRUdWeGxrUHFMODlmOVZVN09pVVEvcldOZGI,--50",SUB-JA-2025-250760,SUB-JA-2025-250760,JUDICIAL EN VÍA DE APREMIO,82432.22,1,BOE-B-2025-40859,118513.75,0.0,,2370.27,5925.68,2025-11-11,2025-12-01,4814 0000 06 0026 24,
SUB-JA-2025-250908,1,JUZGADO 1 INSTANCIA 4 - ALICANTE/ALACANT,1109/20,Finalizada y depósitos con reserva devueltos,01/12/2025 a las 18:00:00,VIVIENDA,"https://subastas.boe.es/detalleSubasta.php?idSub=SUB-JA-2025-250908&idBus=b1dsZHcyK2F3Z2VwRFVqaXQ1OGVPbGZZWnlDUzY0ekcvQTAzTDNNSks0RTJWL0h4UXRTRW1hdnlIRDJuMzJjMVgxYks0MUpxak5iWWpQNnZGaGhSMGVmUTNyUnpkS0JvWUtiSm56a1IxcjdYQXRpY2E2dHVFNnNtMXNoWDFvak1EeXhZVTZNQ3JCUlk0WVptemtmbHlLT21sbkF0TVpFOHRXYnp3Lzhhc0xzVmREWWNzVllPekhpTFp0NjRzQXJIaFdLY3h4WjNsc0tCR2JBOXN1d01lWXp0aG1iUjZTWTlmNkF3bHdGSFRRa2tCeG5WZnJFUzl2cmljMldsd1Q5VE1MWFJqVmF5VElCM2xud2s1UE5tckVPLzNHVjV1Vy8wbVpMdnpCRUdWeGxrUHFMODlmOVZVN09pVVEvcldOZGI,--50",SUB-JA-2025-250908,SUB-JA-2025-250908,JUDICIAL EN VÍA DE APREMIO,80994.99,1,BOE-B-2025-40846,200971.32,200971.32,,4019.42,10048.56,2025-11-11,2025-12-01,0100 0000 06 1109 20,
SUB-JA-2025-251116,1,Sección Civil e Instrucción TI El Ejido. Plz.n 2 - EJIDO(EL),0825/22,Finalizada y depósitos con reserva devueltos,01/12/2025 a las 18:00:00,"La finca objeto de subasta consiste en la Finca Registral nº 63747 inscrita en el Registro de la
          Propiedad de El Ejido 2, al tomo 1877, libro 893, folio 66
          Descripción de la finca: URBANA.- NUMERO DIEZ.- VIVIENDA de Protección Oficial, de tipo C,
          en planta tercera de un edificio en la Unidad de Actuación Urbanística ES-25, Cañada de
          Ugijar, paraje de Morato, orientado a Norte a Paseo Juan Carlos I, en El Ejido. Tiene una
          superficie construida privativa de ciento cinco metros y setenta y cinco decímetros
          cuadrados, y con las partes comunes, ciento treinta y dos metros y ochenta y siete
          decímetros cuadrados, y útil de noventa metros cuadrados. Distribuida en varias
          dependencias y terraza. Linda: Norte, patio de luz y acceso a viviendas; Sur, calle Geranios;
          Este, vivienda tipo D de esta planta y acceso a viviendas; y Oeste, parcela 42. Cuota: Tres
          enteros y trescientas treinta y cinco milésimas por ciento. Referencia catastral:
          6898004WF1669N0039ZK","https://subastas.boe.es/detalleSubasta.php?idSub=SUB-JA-2025-251116&idBus=b1dsZHcyK2F3Z2VwRFVqaXQ1OGVPbGZZWnlDUzY0ekcvQTAzTDNNSks0RTJWL0h4UXRTRW1hdnlIRDJuMzJjMVgxYks0MUpxak5iWWpQNnZGaGhSMGVmUTNyUnpkS0JvWUtiSm56a1IxcjdYQXRpY2E2dHVFNnNtMXNoWDFvak1EeXhZVTZNQ3JCUlk0WVptemtmbHlLT21sbkF0TVpFOHRXYnp3Lzhhc0xzVmREWWNzVllPekhpTFp0NjRzQXJIaFdLY3h4WjNsc0tCR2JBOXN1d01lWXp0aG1iUjZTWTlmNkF3bHdGSFRRa2tCeG5WZnJFUzl2cmljMldsd1Q5VE1MWFJqVmF5VElCM2xud2s1UE5tckVPLzNHVjV1Vy8wbVpMdnpCRUdWeGxrUHFMODlmOVZVN09pVVEvcldOZGI,--50",SUB-JA-2025-251116,SUB-JA-2025-251116,JUDICIAL EN VÍA DE APREMIO,77360.08,1,BOE-B-2025-40875,113022.0,0.0,,2260.44,5651.1,2025-11-11,2025-12-01,0240 0000 06 0825 22,
SUB-JA-2025-251250,1,Sec. Civil e Inst. TI Medina del Campo. Plz.n 1 - MEDINA CAMPO,0086/23,Finalizada y depósitos con reserva devueltos,01/12/2025 a las 18:00:00,"URBANA Obra nueva terminada
          LOCALIZACIÓN CAMINO DE LA ZARZA, Número: 13 DE POZAL DE GALLINAS.","https://subastas.boe.es/detalleSubasta.php?idSub=SUB-JA-2025-251250&idBus=b1dsZHcyK2F3Z2VwRFVqaXQ1OGVPbGZZWnlDUzY0ekcvQTAzTDNNSks0RTJWL0h4UXRTRW1hdnlIRDJuMzJjMVgxYks0MUpxak5iWWpQNnZGaGhSMGVmUTNyUnpkS0JvWUtiSm56a1IxcjdYQXRpY2E2dHVFNnNtMXNoWDFvak1EeXhZVTZNQ3JCUlk0WVptemtmbHlLT21sbkF0TVpFOHRXYnp3Lzhhc0xzVmREWWNzVllPekhpTFp0NjRzQXJIaFdLY3h4WjNsc0tCR2JBOXN1d01lWXp0aG1iUjZTWTlmNkF3bHdGSFRRa2tCeG5WZnJFUzl2cmljMldsd1Q5VE1MWFJqVmF5VElCM2xud2s1UE5tckVPLzNHVjV1Vy8wbVpMdnpCRUdWeGxrUHFMODlmOVZVN09pVVEvcldOZGI,--50",SUB-JA-2025-251250,SUB-JA-2025-251250,JUDICIAL EN VÍA DE APREMIO,92921.23,1,BOE-B-2025-40909,128844.0,128844.0,,2576.88,6442.2,2025-11-11,2025-12-01,4600 0000 06 0086 23,
SUB-JA-2025-251471,1,UNIDAD SUBASTAS JUDICIALES MURCIA - MURCIA,0297/20,Finalizada y depósitos con reserva devueltos,01/12/2025 a las 18:00:00,Id. lote. 251471L1. Finca registral 32685. Vivienda unifamiliar en Alcantarilla (vivienda habitual de los demandados),"https://subastas.boe.es/detalleSubasta.php?idSub=SUB-JA-2025-251471&idBus=b1dsZHcyK2F3Z2VwRFVqaXQ1OGVPbGZZWnlDUzY0ekcvQTAzTDNNSks0RTJWL0h4UXRTRW1hdnlIRDJuMzJjMVgxYks0MUpxak5iWWpQNnZGaGhSMGVmUTNyUnpkS0JvWUtiSm56a1IxcjdYQXRpY2E2dHVFNnNtMXNoWDFvak1EeXhZVTZNQ3JCUlk0WVptemtmbHlLT21sbkF0TVpFOHRXYnp3Lzhhc0xzVmREWWNzVllPekhpTFp0NjRzQXJIaFdLY3h4WjNsc0tCR2JBOXN1d01lWXp0aG1iUjZTWTlmNkF3bHdGSFRRa2tCeG5WZnJFUzl2cmljMldsd1Q5VE1MWFJqVmF5VElCM2xud2s1UE5tckVPLzNHVjV1Vy8wbVpMdnpCRUdWeGxrUHFMODlmOVZVN09pVVEvcldOZGI,--50",SUB-JA-2025-251471,SUB-JA-2025-251471,JUDICIAL EN VÍA DE APREMIO,60750.91,1,BOE-B-2025-40992,301713.05,0.0,,3017.14,15085.65,2025-11-11,2025-12-01,3728 2822 06 0297 20,
SUB-JA-2025-251475,1,UNIDAD SUBASTAS JUDICIALES MURCIA - MURCIA,0370/22,Finalizada y depósitos con reserva devueltos,01/12/2025 a las 18:00:00,"Id. lote. 251475L1. Finca registral 12928. Parcela de 3.317 m2, con dos edificaciones destinadas a vivienda, en Casillas - Murcia","https://subastas.boe.es/detalleSubasta.php?idSub=SUB-JA-2025-251475&idBus=b1dsZHcyK2F3Z2VwRFVqaXQ1OGVPbGZZWnlDUzY0ekcvQTAzTDNNSks0RTJWL0h4UXRTRW1hdnlIRDJuMzJjMVgxYks0MUpxak5iWWpQNnZGaGhSMGVmUTNyUnpkS0JvWUtiSm56a1IxcjdYQXRpY2E2dHVFNnNtMXNoWDFvak1EeXhZVTZNQ3JCUlk0WVptemtmbHlLT21sbkF0TVpFOHRXYnp3Lzhhc0xzVmREWWNzVllPekhpTFp0NjRzQXJIaFdLY3h4WjNsc0tCR2JBOXN1d01lWXp0aG1iUjZTWTlmNkF3bHdGSFRRa2tCeG5WZnJFUzl2cmljMldsd1Q5VE1MWFJqVmF5VElCM2xud2s1UE5tckVPLzNHVjV1Vy8wbVpMdnpCRUdWeGxrUHFMODlmOVZVN09pVVEvcldOZGI,--50",SUB-JA-2025-251475,SUB-JA-2025-251475,JUDICIAL EN VÍA DE APREMIO,91012.23,1,BOE-B-2025-40987,129969.34,0.0,,2599.4,6498.47,2025-11-11,2025-12-01,3728 4938 06 0370 22,
SUB-JA-2025-251857,1,UNIDAD SUBASTAS JUDICIALES MURCIA - MURCIA,0155/22,Finalizada y depósitos con reserva devueltos,01/12/2025 a las 18:00:00,"Id. lote. 251857L1. Finca registral 20977. Vivienda unifamiliar con sótano, en Cehegín (se fijó como plazo de amortización del préstamo hipotecario el de un año desde el fallecimiento del prestatario)","https://subastas.boe.es/detalleSubasta.php?idSub=SUB-JA-2025-251857&idBus=b1dsZHcyK2F3Z2VwRFVqaXQ1OGVPbGZZWnlDUzY0ekcvQTAzTDNNSks0RTJWL0h4UXRTRW1hdnlIRDJuMzJjMVgxYks0MUpxak5iWWpQNnZGaGhSMGVmUTNyUnpkS0JvWUtiSm56a1IxcjdYQXRpY2E2dHVFNnNtMXNoWDFvak1EeXhZVTZNQ3JCUlk0WVptemtmbHlLT21sbkF0TVpFOHRXYnp3Lzhhc0xzVmREWWNzVllPekhpTFp0NjRzQXJIaFdLY3h4WjNsc0tCR2JBOXN1d01lWXp0aG1iUjZTWTlmNkF3bHdGSFRRa2tCeG5WZnJFUzl2cmljMldsd1Q5VE1MWFJqVmF5VElCM2xud2s1UE5tckVPLzNHVjV1Vy8wbVpMdnpCRUdWeGxrUHFMODlmOVZVN09pVVEvcldOZGI,--50",SUB-JA-2025-251857,SUB-JA-2025-251857,JUDICIAL EN VÍA DE APREMIO,55044.15,1,BOE-B-2025-40988,229758.0,0.0,,2297.59,11487.9,2025-11-11,2025-12-01,3728 3044 06 0155 22,
SUB-JA-2025-251981,1,JUZGADO 1 INST E INSTRUCC. 3 - TALAVERA DE LA REINA,0218/22,Finalizada y depósitos con reserva devueltos,01/12/2025 a las 18:00:00,"FINCA REGISTRAL Nº 50.172
          REGISTRO DE LA PROPIEDAD Nº 3 DE TALAVERA DE LA REINA
          Vivienda sita en la calle Entretorres e itinerarios II, portal
          3º, bajo, de Talavera de la Reina 45600
          Consta inscrita en el Registro de la Propiedad nº 3 de
          Talavera de la Reina, finca nº 50.172 de Talavera de la Reina.
          La hipoteca causó la inscripción 4ª y las posteriores
          novaciones, las inscripciones 6ª, 7ª y 9ª.
          REFERENCIA CATASTRAL: NO CONSTA
          VIVENDA HABITUAL DEL DEMANDADO:SI","https://subastas.boe.es/detalleSubasta.php?idSub=SUB-JA-2025-251981&idBus=b1dsZHcyK2F3Z2VwRFVqaXQ1OGVPbGZZWnlDUzY0ekcvQTAzTDNNSks0RTJWL0h4UXRTRW1hdnlIRDJuMzJjMVgxYks0MUpxak5iWWpQNnZGaGhSMGVmUTNyUnpkS0JvWUtiSm56a1IxcjdYQXRpY2E2dHVFNnNtMXNoWDFvak1EeXhZVTZNQ3JCUlk0WVptemtmbHlLT21sbkF0TVpFOHRXYnp3Lzhhc0xzVmREWWNzVllPekhpTFp0NjRzQXJIaFdLY3h4WjNsc0tCR2JBOXN1d01lWXp0aG1iUjZTWTlmNkF3bHdGSFRRa2tCeG5WZnJFUzl2cmljMldsd1Q5VE1MWFJqVmF5VElCM2xud2s1UE5tckVPLzNHVjV1Vy8wbVpMdnpCRUdWeGxrUHFMODlmOVZVN09pVVEvcldOZGI,--50",SUB-JA-2025-251981,SUB-JA-2025-251981,JUDICIAL EN VÍA DE APREMIO,103747.02,1,BOE-B-2025-40938,120902.32,120902.32,,2418.04,6045.11,2025-11-11,2025-12-01,4311 0000 05 0218 22,
SUB-JA-2025-252331,1,Sección Civil e Instrucción TI Tomelloso. Plz.n 1 - TOMELLOSO,0914/21,Finalizada y depósitos con reserva devueltos,01/12/2025 a las 18:00:00,"URBANA: Finca sita en Socuéllamos Paseo de Cervantes, número 29: Número 37 de la Propiedad Horizontal. Vivienda en Planta Tercera, Letra C-1, situada en el portal C, a la derecha entrando. Ocupa una extensión superficial edificada de 77,89 metros cuadrados, aproximadamente.","https://subastas.boe.es/detalleSubasta.php?idSub=SUB-JA-2025-252331&idBus=b1dsZHcyK2F3Z2VwRFVqaXQ1OGVPbGZZWnlDUzY0ekcvQTAzTDNNSks0RTJWL0h4UXRTRW1hdnlIRDJuMzJjMVgxYks0MUpxak5iWWpQNnZGaGhSMGVmUTNyUnpkS0JvWUtiSm56a1IxcjdYQXRpY2E2dHVFNnNtMXNoWDFvak1EeXhZVTZNQ3JCUlk0WVptemtmbHlLT21sbkF0TVpFOHRXYnp3Lzhhc0xzVmREWWNzVllPekhpTFp0NjRzQXJIaFdLY3h4WjNsc0tCR2JBOXN1d01lWXp0aG1iUjZTWTlmNkF3bHdGSFRRa2tCeG5WZnJFUzl2cmljMldsd1Q5VE1MWFJqVmF5VElCM2xud2s1UE5tckVPLzNHVjV1Vy8wbVpMdnpCRUdWeGxrUHFMODlmOVZVN09pVVEvcldOZGI,--50",SUB-JA-2025-252331,SUB-JA-2025-252331,JUDICIAL EN VÍA DE APREMIO,70253.0,1,BOE-B-2025-40941,70253.0,70253.0,,1405.06,3512.65,2025-11-11,2025-12-01,1408 0000 06 0914 21,
SUB-JA-2025-252343,1,SERVICIO COMUN GENERAL SUBASTAS - VALENCIA,0855/21,Finalizada y depósitos con reserva devueltos,01/12/2025 a las 18:00:00,"NUMERO SESENTA Y DOS piso 1 puerta 2 VIVIENDA tipo E,
          situada en la primera planta alta del edificio en Oliva, en el PASEO DE LLUIS
          VIVES, señalado con el numero nueve-bis, esquina a la calle Teatro , con
          acceso por la Escalera II, recayente a la calle Teatro.
          Ocupa una superficie útil de noventa metros cuadrados, una superficie
          construida de ciento cuatro metros ochenta y un decimetros cuadrados ,con
          una repercusión en elementos comunes de doce metros treinta y cinco
          decimetros cuadrados, lo que hace un a total superficie construida de ciento
          deicisiete metros dieciseis decimetros cuadrados. Linda, mirando desde la
          calle Teatro; al frente, dicha calle; derecha entrando, vivienda tipo D de su
          mism planta y patio de luces, izquierda, casa de Miguel Sifres, Francisco
          Savall y Domingo Escriva, y dorso, patio de luces. Es de su uso exclusivo,
          junto con los titulares de las viviedas A y D, el patio de luces con el que linda
          por su parte dorso. Cuota 2´46%","https://subastas.boe.es/detalleSubasta.php?idSub=SUB-JA-2025-252343&idBus=b1dsZHcyK2F3Z2VwRFVqaXQ1OGVPbGZZWnlDUzY0ekcvQTAzTDNNSks0RTJWL0h4UXRTRW1hdnlIRDJuMzJjMVgxYks0MUpxak5iWWpQNnZGaGhSMGVmUTNyUnpkS0JvWUtiSm56a1IxcjdYQXRpY2E2dHVFNnNtMXNoWDFvak1EeXhZVTZNQ3JCUlk0WVptemtmbHlLT21sbkF0TVpFOHRXYnp3Lzhhc0xzVmREWWNzVllPekhpTFp0NjRzQXJIaFdLY3h4WjNsc0tCR2JBOXN1d01lWXp0aG1iUjZTWTlmNkF3bHdGSFRRa2tCeG5WZnJFUzl2cmljMldsd1Q5VE1MWFJqVmF5VElCM2xud2s1UE5tckVPLzNHVjV1Vy8wbVpMdnpCRUdWeGxrUHFMODlmOVZVN09pVVEvcldOZGI,--50",SUB-JA-2025-252343,SUB-JA-2025-252343,JUDICIAL EN VÍA DE APREMIO,169926.56,1,BOE-B-2025-40998,227853.25,0.0,,,11392.66,2025-11-11,2025-12-01,4513 4377 00 0855 21,
SUB-JA-2025-252371,1,Sección Civil e Instrucción TI Montoro. Plz.n 2 - MONTORO,0391/22,Finalizada y depósitos con reserva devueltos,01/12/2025 a las 18:00:00,EDICTO SUBASTA BIEN INMUEBLE,"https://subastas.boe.es/detalleSubasta.php?idSub=SUB-JA-2025-252371&idBus=b1dsZHcyK2F3Z2VwRFVqaXQ1OGVPbGZZWnlDUzY0ekcvQTAzTDNNSks0RTJWL0h4UXRTRW1hdnlIRDJuMzJjMVgxYks0MUpxak5iWWpQNnZGaGhSMGVmUTNyUnpkS0JvWUtiSm56a1IxcjdYQXRpY2E2dHVFNnNtMXNoWDFvak1EeXhZVTZNQ3JCUlk0WVptemtmbHlLT21sbkF0TVpFOHRXYnp3Lzhhc0xzVmREWWNzVllPekhpTFp0NjRzQXJIaFdLY3h4WjNsc0tCR2JBOXN1d01lWXp0aG1iUjZTWTlmNkF3bHdGSFRRa2tCeG5WZnJFUzl2cmljMldsd1Q5VE1MWFJqVmF5VElCM2xud2s1UE5tckVPLzNHVjV1Vy8wbVpMdnpCRUdWeGxrUHFMODlmOVZVN09pVVEvcldOZGI,--50",SUB-JA-2025-252371,SUB-JA-2025-252371,JUDICIAL EN VÍA DE APREMIO,49771.78,1,BOE-B-2025-40912,92220.0,0.0,,1844.4,4611.0,2025-11-11,2025-12-01,1475 0000 06 0391 22,
SUB-JA-2025-252546,2,Sección Civil e Instrucción TI El Ejido. Plz.n 3 - EJIDO(EL),0958/15,Finalizada y depósitos con reserva devueltos,01/12/2025 a las 18:00:00,"Subasta con varios lotes. Lote 1: LOTE UNO:
          
          -FINCA REGISTRAL Nº 29187 del Registro de la Propiedad Número Dos de El Ejido.
           
          Descripción: Urbana: Número Dos.- Local comercial en planta baja del edificio en la barriada de Balerma, Plaza de las Torres, de cuatro plantas y ático,hoy número cinco, término de El Ejido. Ocupa una superficie construida de cuarenta y tres metros , cincuenta decímetros cuadrados, que linda: Norte calle; Sur, portal de entrada al edificio y caja de escaleras; Este, Plaza de La Torre, y Oeste, elemento individual número uno. Cuota: un entero, veintidós centésimas por ciento.
           
          VALOR DE TASACION que sirve de tipo de la subasta: 99.292,81 euros.
           Lote 2: -FINCA REGISTRAL Nº 44.277 del Registro de la Propiedad Número Dos de El Ejido.
          
          
          Descripción: Urbana, Número Uno-A. Local comercial en planta baja de un edificio sito en el paraje de la barriada de Balerma, en la Plaza de la Torre, marcado hoy con el número 5 en el término de El Ejido, de cabida cuarenta y cuatro metros cuadrados. Linda: Norte y Oeste, calles; Sur, local uno -B; Este, elemento dos y hueco de escalera. Cuota: dos enteros, cuatrocintas sesenta y cinco milésimas por ciento.
           
          VALOR DE TASACION que sirve de tipo de la subasta: 109.169, 26 euros.","https://subastas.boe.es/detalleSubasta.php?idSub=SUB-JA-2025-252546&idBus=b1dsZHcyK2F3Z2VwRFVqaXQ1OGVPbGZZWnlDUzY0ekcvQTAzTDNNSks0RTJWL0h4UXRTRW1hdnlIRDJuMzJjMVgxYks0MUpxak5iWWpQNnZGaGhSMGVmUTNyUnpkS0JvWUtiSm56a1IxcjdYQXRpY2E2dHVFNnNtMXNoWDFvak1EeXhZVTZNQ3JCUlk0WVptemtmbHlLT21sbkF0TVpFOHRXYnp3Lzhhc0xzVmREWWNzVllPekhpTFp0NjRzQXJIaFdLY3h4WjNsc0tCR2JBOXN1d01lWXp0aG1iUjZTWTlmNkF3bHdGSFRRa2tCeG5WZnJFUzl2cmljMldsd1Q5VE1MWFJqVmF5VElCM2xud2s1UE5tckVPLzNHVjV1Vy8wbVpMdnpCRUdWeGxrUHFMODlmOVZVN09pVVEvcldOZGI,--50",SUB-JA-2025-252546,SUB-JA-2025-252546,JUDICIAL EN VÍA DE APREMIO,78472.31,2,BOE-B-2025-40874,,,,,,2025-11-11,2025-12-01,0275 0000 06 0958 15,Separada para cada lote
SUB-JA-2025-252653,1,Sec. Civil e Inst. TI La Línea la Concep.. Plz.n 2 - LINEA CONCEPCION,0249/23,Pendiente de finalización y devolución de depósitos con reserva,01/12/2025 a las 18:00:00,"TIPO: URBANA
          
          DESCRIPCION: CIENTO TREINTA Y SIETE. URBANA: APARTAMENTO-ESTUDIO. NUMERO 124. BLOQUE 8. COTA 104,25 o NIVEL -3. Situado en el Conjunto Urbanístico denominado ""REGENCY"", en la parcela RE-15, del Plan Parcial de Ordenación del Sector 14D.01.01 ""Alcaidesa Playa"", en término de La Línea de la Concepción. Tiene una superficie construida, incluida parte proporcional de elementos comunes, de 32,93 metros cuadrados, distribuidos en varias dependencias y servicios. Tomando como frente la puerta de entrada a la vivienda, linda: al frente, con zona común de acceso que le separa de escaleras; derecha del frente, con zona común; izquierda, con zona común; y fondo, con apartamento 122/123. Esta vivienda tiene el uso exclusivo del jardín delantero de 53,77 metros cuadrados. CUOTA: Le corresponde una cuota de participación en relación con el Conjunto de 0,513 enteros por ciento. Terminada la Obra nueva del Conjunto Urbanístico que integra la finca de este número. Cuyos datos registrales son 
          
          
          Nº FINCA: 41629
          FOLIO: 215
          TOMO: 1306
          LIBRO: 627
          Inscripción :4","https://subastas.boe.es/detalleSubasta.php?idSub=SUB-JA-2025-252653&idBus=b1dsZHcyK2F3Z2VwRFVqaXQ1OGVPbGZZWnlDUzY0ekcvQTAzTDNNSks0RTJWL0h4UXRTRW1hdnlIRDJuMzJjMVgxYks0MUpxak5iWWpQNnZGaGhSMGVmUTNyUnpkS0JvWUtiSm56a1IxcjdYQXRpY2E2dHVFNnNtMXNoWDFvak1EeXhZVTZNQ3JCUlk0WVptemtmbHlLT21sbkF0TVpFOHRXYnp3Lzhhc0xzVmREWWNzVllPekhpTFp0NjRzQXJIaFdLY3h4WjNsc0tCR2JBOXN1d01lWXp0aG1iUjZTWTlmNkF3bHdGSFRRa2tCeG5WZnJFUzl2cmljMldsd1Q5VE1MWFJqVmF5VElCM2xud2s1UE5tckVPLzNHVjV1Vy8wbVpMdnpCRUdWeGxrUHFMODlmOVZVN09pVVEvcldOZGI,--50",SUB-JA-2025-252653,SUB-JA-2025-252653,JUDICIAL EN VÍA DE APREMIO,81890.92,1,BOE-B-2025-40898,177353.51,0.0,,3547.07,8867.68,2025-11-11,2025-12-01,1265 0000 06 0249 23,
SUB-JA-2025-252779,1,Sección Civil e Instrucción TI El Ejido. Plz.n 3 - EJIDO(EL),0861/22,Finalizada y depósitos con reserva devueltos,01/12/2025 a las 18:00:00,"FINCA REGISTRAL Nº 70.661 DEL REGISTRO DE LA PROPIEDAD Nº 1 DE EL EJIDO.Inscripción: Tomo 838, folio 208, hoja s-1960, inscripción 1539 Descripción: URBANA: NÚMERO TREINTA Y SIETE- Oficina de tipo B, en planta primera de un edificio sito en la calle Albacete, número dieciséis, en Santa María del Águila, término de El Ejido Ref. catastral: 0311101WF2701A0037AO","https://subastas.boe.es/detalleSubasta.php?idSub=SUB-JA-2025-252779&idBus=b1dsZHcyK2F3Z2VwRFVqaXQ1OGVPbGZZWnlDUzY0ekcvQTAzTDNNSks0RTJWL0h4UXRTRW1hdnlIRDJuMzJjMVgxYks0MUpxak5iWWpQNnZGaGhSMGVmUTNyUnpkS0JvWUtiSm56a1IxcjdYQXRpY2E2dHVFNnNtMXNoWDFvak1EeXhZVTZNQ3JCUlk0WVptemtmbHlLT21sbkF0TVpFOHRXYnp3Lzhhc0xzVmREWWNzVllPekhpTFp0NjRzQXJIaFdLY3h4WjNsc0tCR2JBOXN1d01lWXp0aG1iUjZTWTlmNkF3bHdGSFRRa2tCeG5WZnJFUzl2cmljMldsd1Q5VE1MWFJqVmF5VElCM2xud2s1UE5tckVPLzNHVjV1Vy8wbVpMdnpCRUdWeGxrUHFMODlmOVZVN09pVVEvcldOZGI,--50",SUB-JA-2025-252779,SUB-JA-2025-252779,JUDICIAL EN VÍA DE APREMIO,51394.66,1,BOE-B-2025-40873,96727.0,96727.0,,1934.54,4836.35,2025-11-11,2025-12-01,0275 0000 06 0861 22,
SUB-JA-2025-252824,1,Sec. Civil e Inst. TI Ejea los Caballeros. Plz.n 1 - EJEA CABALLEROS,0479/23,Finalizada y depósitos con reserva devueltos,01/12/2025 a las 18:00:00,FINCA URBANA,"https://subastas.boe.es/detalleSubasta.php?idSub=SUB-JA-2025-252824&idBus=b1dsZHcyK2F3Z2VwRFVqaXQ1OGVPbGZZWnlDUzY0ekcvQTAzTDNNSks0RTJWL0h4UXRTRW1hdnlIRDJuMzJjMVgxYks0MUpxak5iWWpQNnZGaGhSMGVmUTNyUnpkS0JvWUtiSm56a1IxcjdYQXRpY2E2dHVFNnNtMXNoWDFvak1EeXhZVTZNQ3JCUlk0WVptemtmbHlLT21sbkF0TVpFOHRXYnp3Lzhhc0xzVmREWWNzVllPekhpTFp0NjRzQXJIaFdLY3h4WjNsc0tCR2JBOXN1d01lWXp0aG1iUjZTWTlmNkF3bHdGSFRRa2tCeG5WZnJFUzl2cmljMldsd1Q5VE1MWFJqVmF5VElCM2xud2s1UE5tckVPLzNHVjV1Vy8wbVpMdnpCRUdWeGxrUHFMODlmOVZVN09pVVEvcldOZGI,--50",SUB-JA-2025-252824,SUB-JA-2025-252824,JUDICIAL EN VÍA DE APREMIO,155871.04,1,BOE-B-2025-40872,157708.34,0.0,,3154.17,7885.42,2025-11-11,2025-12-01,4884 0000 06 0479 23,
SUB-JA-2025-252924,1,JUZGADO 1 INSTANCIA 10 - SEVILLA,0118/24,Finalizada y depósitos con reserva devueltos,01/12/2025 a las 18:00:00,"Finca 2.992 Reg. Pro. num. 14.-Pz. de aparcamiento 1B, planta sótano, edifico de C/ Flor de Albahaca, num. 7.- 41020 Sevilla.","https://subastas.boe.es/detalleSubasta.php?idSub=SUB-JA-2025-252924&idBus=b1dsZHcyK2F3Z2VwRFVqaXQ1OGVPbGZZWnlDUzY0ekcvQTAzTDNNSks0RTJWL0h4UXRTRW1hdnlIRDJuMzJjMVgxYks0MUpxak5iWWpQNnZGaGhSMGVmUTNyUnpkS0JvWUtiSm56a1IxcjdYQXRpY2E2dHVFNnNtMXNoWDFvak1EeXhZVTZNQ3JCUlk0WVptemtmbHlLT21sbkF0TVpFOHRXYnp3Lzhhc0xzVmREWWNzVllPekhpTFp0NjRzQXJIaFdLY3h4WjNsc0tCR2JBOXN1d01lWXp0aG1iUjZTWTlmNkF3bHdGSFRRa2tCeG5WZnJFUzl2cmljMldsd1Q5VE1MWFJqVmF5VElCM2xud2s1UE5tckVPLzNHVjV1Vy8wbVpMdnpCRUdWeGxrUHFMODlmOVZVN09pVVEvcldOZGI,--50",SUB-JA-2025-252924,SUB-JA-2025-252924,JUDICIAL EN VÍA DE APREMIO,12570.98,1,BOE-B-2025-40934,19937.9,0.0,,398.75,996.89,2025-11-11,2025-12-01,4032 0000 06 0118 24,
SUB-JA-2025-252985,1,JUZGADO 1 INST E INSTRUCC. 2 - CIUTADELLA DE MENORCA,0103/20,Suspendida,,"Urbana.-Una porción de terreno con una pequeña casa de recreo, sin número y solamente de una planta, situada en el término municipal de Ciudadela, camino de Santandria, y en un sendero que da a la playa de Gorrías. Mide veinte metros de largo por diez de ancho. Lindante, norte, herederos de Miguel Muntaner; este, Ignacio Mascaro Vidal; oeste, Juan Cardell; y sur, con el sendero de su situación; norte, y este, con el resto que quedó de doña María Sintes Sagreras; y oeste, Antonio Bagur Capó","https://subastas.boe.es/detalleSubasta.php?idSub=SUB-JA-2025-252985&idBus=b1dsZHcyK2F3Z2VwRFVqaXQ1OGVPbGZZWnlDUzY0ekcvQTAzTDNNSks0RTJWL0h4UXRTRW1hdnlIRDJuMzJjMVgxYks0MUpxak5iWWpQNnZGaGhSMGVmUTNyUnpkS0JvWUtiSm56a1IxcjdYQXRpY2E2dHVFNnNtMXNoWDFvak1EeXhZVTZNQ3JCUlk0WVptemtmbHlLT21sbkF0TVpFOHRXYnp3Lzhhc0xzVmREWWNzVllPekhpTFp0NjRzQXJIaFdLY3h4WjNsc0tCR2JBOXN1d01lWXp0aG1iUjZTWTlmNkF3bHdGSFRRa2tCeG5WZnJFUzl2cmljMldsd1Q5VE1MWFJqVmF5VElCM2xud2s1UE5tckVPLzNHVjV1Vy8wbVpMdnpCRUdWeGxrUHFMODlmOVZVN09pVVEvcldOZGI,--50",SUB-JA-2025-252985,SUB-JA-2025-252985,JUDICIAL EN VÍA DE APREMIO,214831.61,1,BOE-B-2025-40867,256680.0,0.0,,,12834.0,,,0506 0000 06 0103 20,
SUB-JA-2025-253051,1,Sección Civil e Instrucción TI Martorell. Plz.n 7 - MARTORELL,0839/21,Finalizada y depósitos con reserva devueltos,01/12/2025 a las 18:00:00,"Finca urbana: Número veintiseis. Vivienda piso cuarto, puerta cuarta, escalera A, del edificio sito en Sant Andreu de la Barca, con frente a la Plaza de la Paz, sin numero, hoy número cinco; se compone de vestibulo, comedor-estar, pasillo, cuatro
          dormitorios, baño, cocina, y lavadero en galeria; mide una superficie construida de ochenta y un metros cuadrados. Linda: Al frente, rellano, escalera, patio y galeria de la vivienda primera de iguales planta y escalera; espalda, con vuelo de la fachada posterior del edificio; derecha entrando, con la vivienda puerta tercera de iguales piso y escalera, y parte con hueco de esta; e izquierda, con dicho patio y con el sector de la escalera B. Su coeficiente es de 1,25 por ciento","https://subastas.boe.es/detalleSubasta.php?idSub=SUB-JA-2025-253051&idBus=b1dsZHcyK2F3Z2VwRFVqaXQ1OGVPbGZZWnlDUzY0ekcvQTAzTDNNSks0RTJWL0h4UXRTRW1hdnlIRDJuMzJjMVgxYks0MUpxak5iWWpQNnZGaGhSMGVmUTNyUnpkS0JvWUtiSm56a1IxcjdYQXRpY2E2dHVFNnNtMXNoWDFvak1EeXhZVTZNQ3JCUlk0WVptemtmbHlLT21sbkF0TVpFOHRXYnp3Lzhhc0xzVmREWWNzVllPekhpTFp0NjRzQXJIaFdLY3h4WjNsc0tCR2JBOXN1d01lWXp0aG1iUjZTWTlmNkF3bHdGSFRRa2tCeG5WZnJFUzl2cmljMldsd1Q5VE1MWFJqVmF5VElCM2xud2s1UE5tckVPLzNHVjV1Vy8wbVpMdnpCRUdWeGxrUHFMODlmOVZVN09pVVEvcldOZGI,--50",SUB-JA-2025-253051,SUB-JA-2025-253051,JUDICIAL EN VÍA DE APREMIO,157088.69,1,BOE-B-2025-40907,244300.0,0.0,,4886.0,12215.0,2025-11-11,2025-12-01,4387 0000 06 0839 21,
SUB-JA-2025-253058,1,JUZGADO 1 INSTANCIA 2 - LOGROÑO,0441/23,Cancelada,,Vivienda sita en Villamediana de Iregua,"https://subastas.boe.es/detalleSubasta.php?idSub=SUB-JA-2025-253058&idBus=b1dsZHcyK2F3Z2VwRFVqaXQ1OGVPbGZZWnlDUzY0ekcvQTAzTDNNSks0RTJWL0h4UXRTRW1hdnlIRDJuMzJjMVgxYks0MUpxak5iWWpQNnZGaGhSMGVmUTNyUnpkS0JvWUtiSm56a1IxcjdYQXRpY2E2dHVFNnNtMXNoWDFvak1EeXhZVTZNQ3JCUlk0WVptemtmbHlLT21sbkF0TVpFOHRXYnp3Lzhhc0xzVmREWWNzVllPekhpTFp0NjRzQXJIaFdLY3h4WjNsc0tCR2JBOXN1d01lWXp0aG1iUjZTWTlmNkF3bHdGSFRRa2tCeG5WZnJFUzl2cmljMldsd1Q5VE1MWFJqVmF5VElCM2xud2s1UE5tckVPLzNHVjV1Vy8wbVpMdnpCRUdWeGxrUHFMODlmOVZVN09pVVEvcldOZGI,--50",SUB-JA-2025-253058,SUB-JA-2025-253058,JUDICIAL EN VÍA DE APREMIO,80510.46,1,BOE-B-2025-40901,143021.65,0.0,,2860.43,7151.08,,,2255 0000 06 0441 23,
SUB-JA-2025-253086,4,Sección Civil e Instrucción TI Sarria. Plz.n 1 - SARRIA,0661/06,Cancelada,,"Subasta con varios lotes. Lote 1: Lote 1.- 1/4 PARTE DE LA FINCA Registral 18.345, tomo 399, libro 165,folio 68: 16.365,41 euros.
           Lote 2: Lote 2.- 1/4 PARTE DE LA FINCA Registral 18.355, tomo 399, libro 165,folio 78: 4.442,58 euros. Lote 3: Lote 3.- 1/4 PARTE DE LA FINCA Registral 18.366, tomo 399, libro 165,folio 89: 8.780,43 euros. Lote 4: Lote 4- 1/4 PARTE DE LA FINCA Parcela 771, polígono 16 del catastro de rústica: 437,54 euros. , no consta inscrita.
          1/4 PARTE DE LA FINCA Parcela 787, polígono 16 del catastro de rústica: 336,18 euros., no consta inscrita
          CVE-:
          K924haOVm9
          Verificación:
          https://sede.xustiza.gal/cve
          1/4 PARTE DE LA FINCA Parcela 711, polígono 12 del
          catastro de rústica: 645,98 euros, no consta inscrita.","https://subastas.boe.es/detalleSubasta.php?idSub=SUB-JA-2025-253086&idBus=b1dsZHcyK2F3Z2VwRFVqaXQ1OGVPbGZZWnlDUzY0ekcvQTAzTDNNSks0RTJWL0h4UXRTRW1hdnlIRDJuMzJjMVgxYks0MUpxak5iWWpQNnZGaGhSMGVmUTNyUnpkS0JvWUtiSm56a1IxcjdYQXRpY2E2dHVFNnNtMXNoWDFvak1EeXhZVTZNQ3JCUlk0WVptemtmbHlLT21sbkF0TVpFOHRXYnp3Lzhhc0xzVmREWWNzVllPekhpTFp0NjRzQXJIaFdLY3h4WjNsc0tCR2JBOXN1d01lWXp0aG1iUjZTWTlmNkF3bHdGSFRRa2tCeG5WZnJFUzl2cmljMldsd1Q5VE1MWFJqVmF5VElCM2xud2s1UE5tckVPLzNHVjV1Vy8wbVpMdnpCRUdWeGxrUHFMODlmOVZVN09pVVEvcldOZGI,--50",SUB-JA-2025-253086,SUB-JA-2025-253086,JUDICIAL EN VÍA DE APREMIO,19039.14,4,BOE-B-2025-40932,,,,,,,,2313 0000 05 0661 06,Separada para cada lote
SUB-JA-2025-253149,1,JUZGADO 1 INSTANCIA 1 - GIRONA,4181/23,Cancelada,,Vivienda unifamiliar Sant Gregori (Girona),"https://subastas.boe.es/detalleSubasta.php?idSub=SUB-JA-2025-253149&idBus=b1dsZHcyK2F3Z2VwRFVqaXQ1OGVPbGZZWnlDUzY0ekcvQTAzTDNNSks0RTJWL0h4UXRTRW1hdnlIRDJuMzJjMVgxYks0MUpxak5iWWpQNnZGaGhSMGVmUTNyUnpkS0JvWUtiSm56a1IxcjdYQXRpY2E2dHVFNnNtMXNoWDFvak1EeXhZVTZNQ3JCUlk0WVptemtmbHlLT21sbkF0TVpFOHRXYnp3Lzhhc0xzVmREWWNzVllPekhpTFp0NjRzQXJIaFdLY3h4WjNsc0tCR2JBOXN1d01lWXp0aG1iUjZTWTlmNkF3bHdGSFRRa2tCeG5WZnJFUzl2cmljMldsd1Q5VE1MWFJqVmF5VElCM2xud2s1UE5tckVPLzNHVjV1Vy8wbVpMdnpCRUdWeGxrUHFMODlmOVZVN09pVVEvcldOZGI,--50",SUB-JA-2025-253149,SUB-JA-2025-253149,JUDICIAL EN VÍA DE APREMIO,91293.49,1,BOE-B-2025-40888,334054.0,0.0,,,16702.7,,,1664 0000 06 4181 23,
